{
  "accuracy": 0.8757142857142857,
  "f1": 0.8752785172268954
}